sample_number,Exp,Day,Sort_id,Sample,Well,Snumber,Depth,VAF.varscan,VAF.mutect,VAF.platypus
1096,LEUK11,28,1_B1,ARCH,B1,S1096,788,0.0284,NA,NA
1097,LEUK11,28,1_C1,ARCH,C1,S1097,3586,0.0192,0.013,NA
1098,LEUK11,28,1_F1,ARCH,F1,S1098,6,NA,NA,NA
1099,LEUK11,28,1_G1,ARCH,G1,S1099,47,NA,0.1,NA
1100,LEUK11,28,1_H1,ARCH,H1,S1100,220,NA,NA,NA
1101,LEUK11,28,1_A2,ARCH,A2,S1101,557,NA,NA,NA
1102,LEUK11,28,1_B2,ARCH,B2,S1102,157,NA,NA,NA
1103,LEUK11,28,1_C2,ARCH,C2,S1103,670,NA,NA,NA
1104,LEUK11,28,1_F2,ARCH,F2,S1104,1735,0.0141,NA,NA
1105,LEUK11,28,1_G2,ARCH,G2,S1105,18,NA,NA,NA
1106,LEUK11,28,1_A3,ARCH,A3,S1106,2051,0.0099,NA,NA
1107,LEUK11,28,1_B3,ARCH,B3,S1107,39,NA,NA,NA
1108,LEUK11,28,1_D3,ARCH,D3,S1108,8342,0.015,0.015,NA
1109,LEUK11,28,1_F3,ARCH,F3,S1109,42,0.4211,NA,NA
1110,LEUK11,28,1_G3,ARCH,G3,S1110,34,NA,0.231,NA
1111,LEUK11,28,1_B4,ARCH,B4,S1111,10840,0.0158,0.014,NA
1112,LEUK11,28,1_C4,ARCH,C4,S1112,25,NA,NA,NA
1113,LEUK11,28,1_F4,ARCH,F4,S1113,275,NA,NA,NA
1114,LEUK11,28,1_B5,ARCH,B5,S1114,2502,0.0121,NA,NA
1115,LEUK11,28,1_C5,ARCH,C5,S1115,34,NA,NA,NA
1116,LEUK11,28,1_D5,ARCH,D5,S1116,312,NA,NA,NA
1117,LEUK11,28,1_E5,ARCH,E5,S1117,1150,0.016,NA,NA
1118,LEUK11,28,1_F5,ARCH,F5,S1118,4,NA,1,NA
1119,LEUK11,28,1_G5,ARCH,G5,S1119,19,NA,NA,NA
1120,LEUK11,28,1_A6,ARCH,A6,S1120,41,NA,NA,NA
1121,LEUK11,28,1_B6,ARCH,B6,S1121,3517,0.0166,0.016,NA
1122,LEUK11,28,1_C6,ARCH,C6,S1122,6755,0.0135,0.013,NA
1123,LEUK11,28,1_D6,ARCH,D6,S1123,329,0.0432,NA,NA
1124,LEUK11,28,1_E6,ARCH,E6,S1124,21,NA,NA,NA
1125,LEUK11,28,1_G6,ARCH,G6,S1125,6367,0.0146,0.017,NA
1126,LEUK11,28,1_A7,ARCH,A7,S1126,64853,0.0137,0.019,NA
1127,LEUK11,28,1_B7,ARCH,B7,S1127,60936,0.0129,0.015,NA
1128,LEUK11,28,1_C7,ARCH,C7,S1128,28,NA,NA,NA
1129,LEUK11,28,1_D7,ARCH,D7,S1129,93,NA,NA,NA
1130,LEUK11,28,1_E7,ARCH,E7,S1130,160,NA,NA,NA
1131,LEUK11,28,1_F7,ARCH,F7,S1131,21164,0.0141,NA,NA
1132,LEUK11,28,1_G7,ARCH,G7,S1132,4979,0.0139,0.012,NA
1133,LEUK11,28,1_H7,ARCH,H7,S1133,31,NA,NA,NA
1134,LEUK11,28,1_B8,ARCH,B8,S1134,44,NA,NA,NA
1135,LEUK11,28,1_C8,ARCH,C8,S1135,39,NA,NA,NA
1136,LEUK11,28,1_D8,ARCH,D8,S1136,13485,0.0145,0.021,NA
1137,LEUK11,28,1_E8,ARCH,E8,S1137,71,0.2258,NA,NA
1138,LEUK11,28,1_F8,ARCH,F8,S1138,70,NA,NA,NA
1139,LEUK11,28,1_G8,ARCH,G8,S1139,1731,0.0129,NA,NA
1140,LEUK11,28,1_H8,ARCH,H8,S1140,4754,0.0161,0.017,NA
1141,LEUK11,28,1_A9,ARCH,A9,S1141,17762,0.0148,0.018,NA
1142,LEUK11,28,1_B9,ARCH,B9,S1142,32,NA,NA,NA
1143,LEUK11,28,1_C9,ARCH,C9,S1143,3232,0.0149,NA,NA
1144,LEUK11,28,1_D9,ARCH,D9,S1144,8,NA,NA,NA
1145,LEUK11,28,1_F9,ARCH,F9,S1145,38606,0.0122,NA,NA
1146,LEUK11,28,1_G9,ARCH,G9,S1146,59,NA,NA,NA
1147,LEUK11,28,1_H9,ARCH,H9,S1147,558,NA,NA,NA
1148,LEUK11,28,1_A10,ARCH,A10,S1148,90148,0.0126,0.013,NA
1149,LEUK11,28,1_B10,ARCH,B10,S1149,5545,0.0157,0.019,NA
1150,LEUK11,28,1_E10,ARCH,E10,S1150,82,0.175,NA,NA
1151,LEUK11,28,1_G10,ARCH,G10,S1151,111009,0.0138,NA,NA
1152,LEUK11,28,1_H10,ARCH,H10,S1152,215,NA,NA,NA
1153,LEUK11,28,1_A11,ARCH,A11,S1153,88652,0.0128,0.012,NA
1154,LEUK11,28,1_B11,ARCH,B11,S1154,2,NA,NA,NA
1155,LEUK11,28,1_C11,ARCH,C11,S1155,85,NA,NA,NA
1156,LEUK11,28,1_D11,ARCH,D11,S1156,13959,0.012,0.015,NA
1157,LEUK11,28,1_E11,ARCH,E11,S1157,171,NA,NA,NA
1158,LEUK11,28,1_H11,ARCH,H11,S1158,8,NA,NA,NA
1159,LEUK11,28,1_A12,ARCH,A12,S1159,34422,0.0125,0.015,NA
1160,LEUK11,28,1_B12,ARCH,B12,S1160,62192,0.0131,0.018,NA
1161,LEUK11,28,1_C12,ARCH,C12,S1161,24,NA,NA,NA
1162,LEUK11,28,1_E12,ARCH,E12,S1162,1190,NA,NA,NA
1163,LEUK11,28,1_G12,ARCH,G12,S1163,92,NA,NA,NA
1164,LEUK11,28,1_H12,ARCH,H12,S1164,17,NA,NA,NA
