sample_number,Exp,Day.x,Sort_id,Sample.x,Well,Snumber,Depth,VAF.varscan,VAF.mutect,VAF.platypus,mean_VAF,DNMT3A,Plate_well,Single_cells,CD45,Ery,Gran,Mono,NK,CD14_MFI,CD15_MFI,GlyA_MFI,Gran_freq,Mono_freq,GlyA_freq,Sample.y,Day.y,FSC_A,FSC_W,SSC_A,CD33 640 670_30_A,CD34 640 780_60_A,CD45RA 640 730_45_A,CD90 561 582_15_A,CD49F 561 670_14_A,CD38 561 780_60_A,LIN 488 530_30_A,CD7_10 V405 450/50_A,L_D V405 525/50_A,CD45 V405 780_60_A,Time,Cell_seeded
1121,LEUK11,28,1_B6,ARCH,B6,S1121,3517,0.0166,0.016,NA,0.016300000000000002,DNMT3A WT,1_B6,1049,1031,5,414,242,0,1016,3847,406,40.2,23.5,27.3,ARCH,28,149191,84562,27182,257,1696,62,41,1963,1471,-30,-124,123,1536,26625,HSC
1097,LEUK11,28,1_C1,ARCH,C1,S1097,3586,0.0192,0.013,NA,0.0161,DNMT3A WT,1_C1,84,36,2,9,0,2,378,1307,105,31,0,4,ARCH,28,164898,87558,32435,533,3022,108,404,1357,1296,-10,-209,124,3778,33110,HSC
1140,LEUK11,28,1_H8,ARCH,H8,S1140,4754,0.0161,0.017,NA,0.016550000000000002,DNMT3A WT,1_H8,985,948,1,184,25,1,380,1275,169,19.6,2.67,1.71,ARCH,28,117709,83810,28731,116,1237,-12,2105,3162,1154,79,-17,130,1443,130035,HSC
1132,LEUK11,28,1_G7,ARCH,G7,S1132,4979,0.0139,0.012,NA,0.01295,DNMT3A WT,1_G7,4481,4453,1,2283,900,1,831,3792,170,51.4,20.3,8.57,ARCH,28,138331,85228,32816,1328,2853,-40,327,11337,1211,104,-243,645,2115,117384,HSC
1149,LEUK11,28,1_B10,ARCH,B10,S1149,5545,0.0157,0.019,NA,0.017349999999999997,DNMT3A WT,1_B10,17711,17675,1,8710,2810,2,681,2554,95.1,49.5,16,3.95,ARCH,28,114546,86461,18713,243,1449,148,700,1921,1431,61,-120,459,2090,19019,HSC
1125,LEUK11,28,1_G6,ARCH,G6,S1125,6367,0.0146,0.017,NA,0.0158,DNMT3A WT,1_G6,1022,1007,0,414,228,0,982,3266,198,41.1,22.6,0,ARCH,28,138011,89735,27947,590,3527,-4,536,2139,379,138,-193,174,2163,116229,HSC
1122,LEUK11,28,1_C6,ARCH,C6,S1122,6755,0.0135,0.013,NA,0.01325,DNMT3A WT,1_C6,587,566,1,39,10,5,369,954,151,7.18,1.84,1.19,ARCH,28,176484,101618,39029,455,2359,22,220,1186,1629,35,-195,316,2294,40548,HSC
1108,LEUK11,28,1_D3,ARCH,D3,S1108,8342,0.015,0.015,NA,0.015,DNMT3A WT,1_D3,703,694,1,346,185,1,884,4133,461,50.8,27.2,9.09,ARCH,28,118476,83393,37837,236,2270,59,1920,1256,1144,98,-190,228,1846,60571,HSC
1111,LEUK11,28,1_B4,ARCH,B4,S1111,10840,0.0158,0.014,NA,0.0149,DNMT3A WT,1_B4,558,548,1,301,80,0,833,4228,211,54.9,14.6,10,ARCH,28,154866,100871,29282,-38,2312,105,404,1898,1190,47,-77,115,1771,28510,HSC
1136,LEUK11,28,1_D8,ARCH,D8,S1136,13485,0.0145,0.021,NA,0.017750000000000002,DNMT3A WT,1_D8,2143,2100,1,976,267,0,512,2297,152,46.9,12.8,3.26,ARCH,28,142051,87824,29614,965,1410,21,479,8851,2405,247,-223,725,2107,52341,HSC
1156,LEUK11,28,1_D11,ARCH,D11,S1156,13959,0.012,0.015,NA,0.0135,DNMT3A WT,1_D11,3776,3750,0,1090,1197,0,1237,2843,112,29.1,32,0,ARCH,28,161811,84176,36064,3,2857,33,335,2027,870,17,-234,990,2351,48105,HSC
1141,LEUK11,28,1_A9,ARCH,A9,S1141,17762,0.0148,0.018,NA,0.016399999999999998,DNMT3A WT,1_A9,697,681,1,278,20,1,506,1791,183,41.1,2.96,4.65,ARCH,28,133025,82619,20944,500,1837,-51,75,5080,679,79,-77,222,1200,12730,HSC
1131,LEUK11,28,1_F7,ARCH,F7,S1131,21164,0.0141,NA,NA,0.0141,DNMT3A WT,1_F7,1014,999,2,281,14,0,324,1360,147,28.2,1.41,3.08,ARCH,28,132665,85811,24827,232,1340,46,177,1527,1946,65,18,85,1241,92561,HSC
1159,LEUK11,28,1_A12,ARCH,A12,S1159,34422,0.0125,0.015,NA,0.01375,DNMT3A WT,1_A12,545,504,3,178,164,3,1145,4481,177,35.7,32.9,9.3,ARCH,28,184034,102701,22931,-173,3399,46,1022,2040,2550,59,-81,163,1733,17160,HSC
1145,LEUK11,28,1_F9,ARCH,F9,S1145,38606,0.0122,NA,NA,0.0122,DNMT3A WT,1_F9,1168,1141,1,367,22,0,294,1392,157,32.2,1.93,8.54,ARCH,28,126504,86403,22733,369,1573,36,233,10735,2091,165,-72,218,896,85181,HSC
1127,LEUK11,28,1_B7,ARCH,B7,S1127,60936,0.0129,0.015,NA,0.01395,DNMT3A WT,1_B7,1415,1393,1,151,66,0,712,1342,164,10.9,4.75,2.5,ARCH,28,151166,89034,32924,-234,1567,-140,744,6725,1577,108,-51,355,2911,25685,HSC
1160,LEUK11,28,1_B12,ARCH,B12,S1160,62192,0.0131,0.018,NA,0.01555,DNMT3A WT,1_B12,4352,4303,1,1587,1385,1,1108,3469,99,37,32.3,9.62,ARCH,28,157487,86526,31811,182,3371,7,-11,2254,601,19,-122,343,2522,17903,HSC
1126,LEUK11,28,1_A7,ARCH,A7,S1126,64853,0.0137,0.019,NA,0.01635,DNMT3A WT,1_A7,330,298,1,15,198,0,7852,4082,310,5.08,67.1,12.8,ARCH,28,120949,80508,25663,194,1850,4,82,2812,2016,-7,-67,110,2063,11502,HSC
1153,LEUK11,28,1_A11,ARCH,A11,S1153,88652,0.0128,0.012,NA,0.012400000000000001,DNMT3A WT,1_A11,513,465,1,233,92,3,846,4380,111,50.5,20,0,ARCH,28,147876,85652,29978,187,2062,201,151,1899,1492,83,-52,108,1731,14822,HSC
1148,LEUK11,28,1_A10,ARCH,A10,S1148,90148,0.0126,0.013,NA,0.012799999999999999,DNMT3A WT,1_A10,352,310,0,46,16,0,707,1300,127,14.9,5.19,1.85,ARCH,28,204255,102559,33471,221,1556,-28,-64,2055,2561,82,-184,721,619,14239,HSC
1151,LEUK11,28,1_G10,ARCH,G10,S1151,111009,0.0138,NA,NA,0.0138,DNMT3A WT,1_G10,890,864,1,466,191,0,798,4125,70.6,54.2,22.2,3.7,ARCH,28,169321,88574,33486,362,2412,190,2120,955,1478,-39,-99,223,3429,122077,HSC
